,variable,modalite,coef,relativite,IC95_bas,IC95_haut,p_value
Intercept,Intercept,,-2.809062063294095,0.060261487354824915,0.05677702568407495,0.06395979385081255,0.0
"C(DrivAgeBand, Treatment(reference='29-45'))[T.18-23]",DrivAgeBand,18-23,0.22184193597977386,1.2483740392492373,1.1759850046524505,1.3252190595168645,3.3692839778936945e-13
"C(DrivAgeBand, Treatment(reference='29-45'))[T.24-28]",DrivAgeBand,24-28,-0.16739202932062214,0.8458679412948835,0.8056609034352694,0.8880815378525198,1.6195641133837904e-11
"C(DrivAgeBand, Treatment(reference='29-45'))[T.46-60]",DrivAgeBand,46-60,0.2418801924687598,1.2736415918202022,1.2370088562802577,1.3113591678657959,2.4460407176781206e-59
"C(DrivAgeBand, Treatment(reference='29-45'))[T.61-75]",DrivAgeBand,61-75,0.21136169281007305,1.23535909476769,1.1886252931106416,1.2839303537209776,6.455770499788883e-27
"C(DrivAgeBand, Treatment(reference='29-45'))[T.76+]",DrivAgeBand,76+,0.29692947295443917,1.3457203864181642,1.2617853025340815,1.435238906955439,1.616817261581541e-19
"C(VehAgeBand, Treatment(reference='6-11'))[T.0-1]",VehAgeBand,0-1,0.4796591264199873,1.6155236190049027,1.5583805160853657,1.6747620601153173,3.1484114953230716e-150
"C(VehAgeBand, Treatment(reference='6-11'))[T.2-5]",VehAgeBand,2-5,-0.052261363317241724,0.9490807795229729,0.9196605438799953,0.9794421779363316,0.0011424791636459718
"C(VehAgeBand, Treatment(reference='6-11'))[T.12-15]",VehAgeBand,12-15,-0.20194190341009988,0.8171423997501365,0.7869644365287162,0.848477606452864,7.130841204940536e-26
"C(VehAgeBand, Treatment(reference='6-11'))[T.16-19]",VehAgeBand,16-19,-0.3812917425487423,0.6829786066322144,0.6434557567486348,0.7249290603510803,4.6996458062962764e-36
"C(VehAgeBand, Treatment(reference='6-11'))[T.20+]",VehAgeBand,20+,-0.4592927109211509,0.6317303034745799,0.5653426484515187,0.7059137983330627,5.160727736210175e-16
"C(VehPowerGrp, Treatment(reference='6'))[T.4]",VehPowerGrp,4,-0.21404601313454483,0.8073112372474662,0.7759139156886359,0.8399790500053024,3.8535452216986824e-26
"C(VehPowerGrp, Treatment(reference='6'))[T.5]",VehPowerGrp,5,-0.03523979674895672,0.9653738949781074,0.9313508381620307,1.0006398436751796,0.054226504305619934
"C(VehPowerGrp, Treatment(reference='6'))[T.7]",VehPowerGrp,7,-0.07678547781837242,0.9260884988239788,0.893974360018537,0.959356270168942,2.005786552940687e-05
"C(VehPowerGrp, Treatment(reference='6'))[T.8]",VehPowerGrp,8,-0.2931756907732456,0.7458910830036148,0.7046095813718336,0.789591175614044,5.97379498642287e-24
"C(VehPowerGrp, Treatment(reference='6'))[T.9]",VehPowerGrp,9,0.06364159937733392,1.0657103790441111,1.0040087891385627,1.1312038542778138,0.03648858304721806
"C(VehPowerGrp, Treatment(reference='6'))[T.10]",VehPowerGrp,10,0.03175555469827079,1.0322651420977502,0.9731392006618702,1.0949834544383286,0.2913327399872083
"C(VehPowerGrp, Treatment(reference='6'))[T.11]",VehPowerGrp,11,-0.03849658746975894,0.9622349883902116,0.8896550464022004,1.040736155689411,0.3360036257573631
"C(VehPowerGrp, Treatment(reference='6'))[T.12+]",VehPowerGrp,12+,-0.16871440841711102,0.8447501224639458,0.7748252192253081,0.9209854709121773,0.00012966337541670146
"C(VehBrand, Treatment(reference='B1'))[T.B10]",VehBrand,B10,0.06413653276325997,1.0662379652396692,0.9828780048103009,1.1566678600543603,0.1225490902135367
"C(VehBrand, Treatment(reference='B1'))[T.B11]",VehBrand,B11,0.08991304437565871,1.0940791432337922,1.0011230837680756,1.1956663382027186,0.04717329126578979
"C(VehBrand, Treatment(reference='B1'))[T.B12]",VehBrand,B12,0.19163941972651868,1.211233691238627,1.1641094007007646,1.2602656192866408,2.9314140009190324e-21
"C(VehBrand, Treatment(reference='B1'))[T.B13]",VehBrand,B13,0.05778552483802903,1.0594877375364276,0.968731543155892,1.1587464803026637,0.20598081245875777
"C(VehBrand, Treatment(reference='B1'))[T.B14]",VehBrand,B14,-0.036478209711493514,0.9641791034082567,0.8166082555497066,1.1384177629007117,0.6669092027861979
"C(VehBrand, Treatment(reference='B1'))[T.B2]",VehBrand,B2,-0.0009221407697914547,0.9990782842713489,0.9659754125349707,1.0333155535327319,0.9572225563204015
"C(VehBrand, Treatment(reference='B1'))[T.B3]",VehBrand,B3,0.0005067620721573279,1.000506890497749,0.9534996579039651,1.049831564841836,0.9835332096419056
"C(VehBrand, Treatment(reference='B1'))[T.B4]",VehBrand,B4,0.02277947580338792,1.0230409093950321,0.9590054402657144,1.091352205474274,0.489739690879917
"C(VehBrand, Treatment(reference='B1'))[T.B5]",VehBrand,B5,0.07213840812063388,1.0748040953842726,1.0175089232305063,1.1353255161508837,0.009852020445703493
"C(VehBrand, Treatment(reference='B1'))[T.B6]",VehBrand,B6,0.026496813494559047,1.0268509751902495,0.9652753430481318,1.0923545627090459,0.4010145664223691
"C(VehGas, Treatment(reference='Regular'))[T.Diesel]",VehGas,Diesel,-0.07407781336726192,0.9285994335811522,0.9056142344171948,0.9521680151175682,6.924103381240162e-09
"C(RegionGrouped, Treatment(reference='R24'))[T.Autres]",RegionGrouped,Autres,-0.05001491914135039,0.9512152330803354,0.8972282075296202,1.0084507063541093,0.09340825025511704
"C(RegionGrouped, Treatment(reference='R24'))[T.R11]",RegionGrouped,R11,-0.08552593547724419,0.9180293332165194,0.8723456909211187,0.9661053701727688,0.0010234001085564891
"C(RegionGrouped, Treatment(reference='R24'))[T.R25]",RegionGrouped,R25,-0.0490040604137921,0.9521772634569625,0.8698319156449213,1.0423180901245461,0.28830097985944336
"C(RegionGrouped, Treatment(reference='R24'))[T.R26]",RegionGrouped,R26,-0.04931222901594071,0.9518838775291728,0.8621548986633844,1.0509514214959415,0.3289729346940443
"C(RegionGrouped, Treatment(reference='R24'))[T.R31]",RegionGrouped,R31,-0.147868512536197,0.8625445212776462,0.8043925034806646,0.9249005279969859,3.293814306499957e-05
"C(RegionGrouped, Treatment(reference='R24'))[T.R41]",RegionGrouped,R41,-0.3147035819681741,0.7300052289149411,0.6648181896117669,0.8015840158560599,4.2759214859550796e-11
"C(RegionGrouped, Treatment(reference='R24'))[T.R52]",RegionGrouped,R52,-0.06756022710078655,0.9346714263706266,0.8849096138699675,0.9872315336852854,0.015506066978303276
"C(RegionGrouped, Treatment(reference='R24'))[T.R53]",RegionGrouped,R53,0.027875852402942866,1.0282680194931912,0.9796445326079326,1.079304875103723,0.2593737412803815
"C(RegionGrouped, Treatment(reference='R24'))[T.R54]",RegionGrouped,R54,-0.12240186046954998,0.8847927338261843,0.821174117824903,0.9533400588723133,0.001304106662308966
"C(RegionGrouped, Treatment(reference='R24'))[T.R72]",RegionGrouped,R72,-0.14569854477398755,0.8644182473095876,0.8098996735391154,0.922606750804785,1.1682999434041653e-05
"C(RegionGrouped, Treatment(reference='R24'))[T.R73]",RegionGrouped,R73,-0.16885869613391258,0.844628244190488,0.7738187152148946,0.9219173132639877,0.00015694267790936997
"C(RegionGrouped, Treatment(reference='R24'))[T.R82]",RegionGrouped,R82,0.028575433797208626,1.0289876283510824,0.9876112485109533,1.0720974886586077,0.172367306814741
"C(RegionGrouped, Treatment(reference='R24'))[T.R91]",RegionGrouped,R91,-0.11274396815820692,0.893379364401064,0.8393503830760467,0.9508861910715747,0.000396785187002599
"C(RegionGrouped, Treatment(reference='R24'))[T.R93]",RegionGrouped,R93,-0.05956479916956777,0.942174479489265,0.9003955775312796,0.9858919478866822,0.01005444313848013
"C(BonusMalusBand, Treatment(reference='50'))[T.51-59]",BonusMalusBand,51-59,0.25664611802699455,1.292587622354766,1.2415084217148415,1.3457683671263123,1.0101919422734434e-35
"C(BonusMalusBand, Treatment(reference='50'))[T.60-69]",BonusMalusBand,60-69,0.5736723345549255,1.7747726576991583,1.7068432088141692,1.8454055828038667,1.5880371280255986e-182
"C(BonusMalusBand, Treatment(reference='50'))[T.70-79]",BonusMalusBand,70-79,0.6294742764374974,1.8766237345681036,1.7877700864552604,1.9698934822917276,1.0252529991529593e-142
"C(BonusMalusBand, Treatment(reference='50'))[T.80-89]",BonusMalusBand,80-89,0.650778338556535,1.9170323486760668,1.8161870373602345,2.0234771806388303,3.562123218203507e-123
"C(BonusMalusBand, Treatment(reference='50'))[T.90-99]",BonusMalusBand,90-99,0.7743453172751426,2.1691715430817387,2.0539583267690213,2.2908474441724875,3.4263107861058886e-170
"C(BonusMalusBand, Treatment(reference='50'))[T.100]",BonusMalusBand,100,1.2820289795351412,3.6039446422248895,3.3904003767264,3.830938986846872,0.0
"C(BonusMalusBand, Treatment(reference='50'))[T.101-125]",BonusMalusBand,101-125,1.6291393035369148,5.099483721547311,4.756596701718031,5.467088310626247,0.0
"C(BonusMalusBand, Treatment(reference='50'))[T.126+]",BonusMalusBand,126+,1.8559906839114304,6.398033540861415,5.390354016331598,7.594089936572632,5.514261377474215e-100
log_Density,log_Density,,0.03564521873277846,1.036288125650123,1.0286298436054202,1.0440034245938017,4.5690817681604345e-21
